{"cameraMode":{"drawMode":0,"name":"Shaded","section":"Shading Mode"},"sceneLighting":true,"audioPlay":false,"sceneViewState":{"showFog":true,"showMaterialUpdate":false,"showSkybox":false,"showFlares":true,"showImageEffects":true,"showParticleSystems":true},"in2DMode":false,"pivot":{"x":2.3110570907592775,"y":0.3858069181442261,"z":-0.5090050101280212},"rotation":{"x":0.10525237768888474,"y":0.767124593257904,"z":-0.1303410679101944,"w":0.6193875074386597},"size":4.783026695251465,"orthographic":false}