{"cameraMode":{"drawMode":0,"name":"Shaded","section":"Shading Mode"},"sceneLighting":true,"audioPlay":false,"sceneViewState":{"showFog":true,"showMaterialUpdate":false,"showSkybox":true,"showFlares":true,"showImageEffects":true,"showParticleSystems":true},"in2DMode":false,"pivot":{"x":25.106327056884767,"y":6.449069023132324,"z":3.970181703567505},"rotation":{"x":-0.15281225740909577,"y":-0.8297364711761475,"z":0.2732340395450592,"w":-0.462778240442276},"size":3.041813850402832,"orthographic":false}