{"cameraMode":{"drawMode":0,"name":"Shaded","section":"Shading Mode"},"sceneLighting":true,"audioPlay":false,"sceneViewState":{"showFog":true,"showMaterialUpdate":false,"showSkybox":true,"showFlares":true,"showImageEffects":true,"showParticleSystems":true},"in2DMode":false,"pivot":{"x":17.626535415649415,"y":-1.9544847011566163,"z":-0.6407583355903626},"rotation":{"x":0.09019702672958374,"y":-0.3019377589225769,"z":0.028773287311196328,"w":0.9487030506134033},"size":22.0,"orthographic":false}