{"cameraMode":{"drawMode":0,"name":"Shaded","section":"Shading Mode"},"sceneLighting":true,"audioPlay":false,"sceneViewState":{"showFog":true,"showMaterialUpdate":false,"showSkybox":true,"showFlares":true,"showImageEffects":true,"showParticleSystems":true},"in2DMode":false,"pivot":{"x":26.499984741210939,"y":3.9999961853027345,"z":-15.874996185302735},"rotation":{"x":0.20239925384521485,"y":0.3621717691421509,"z":-0.10386413335800171,"w":0.9054307341575623},"size":23.04469108581543,"orthographic":false}