{"cameraMode":{"drawMode":0,"name":"Shaded","section":"Shading Mode"},"sceneLighting":true,"audioPlay":false,"sceneViewState":{"showFog":true,"showMaterialUpdate":false,"showSkybox":false,"showFlares":true,"showImageEffects":true,"showParticleSystems":true},"in2DMode":false,"pivot":{"x":-0.4772672951221466,"y":0.9991322755813599,"z":1.454035997390747},"rotation":{"x":-0.20863449573516847,"y":0.5096721053123474,"z":-0.12901270389556886,"w":-0.8247568607330322},"size":4.126258850097656,"orthographic":false}