{"cameraMode":{"drawMode":0,"name":"Shaded","section":"Shading Mode"},"sceneLighting":true,"audioPlay":false,"sceneViewState":{"showFog":true,"showMaterialUpdate":false,"showSkybox":true,"showFlares":true,"showImageEffects":true,"showParticleSystems":true},"in2DMode":false,"pivot":{"x":28.839982986450197,"y":30.837871551513673,"z":-23.481382369995118},"rotation":{"x":-0.21631768345832826,"y":0.7954174280166626,"z":-0.3599497377872467,"w":-0.44169723987579348},"size":4.041658401489258,"orthographic":false}