{"cameraMode":{"drawMode":0,"name":"Shaded","section":"Shading Mode"},"sceneLighting":true,"audioPlay":false,"sceneViewState":{"showFog":true,"showMaterialUpdate":false,"showSkybox":true,"showFlares":true,"showImageEffects":true,"showParticleSystems":true},"in2DMode":false,"pivot":{"x":96.308349609375,"y":-25.71674919128418,"z":-34.14048767089844},"rotation":{"x":-0.1025896891951561,"y":-0.7670739889144898,"z":0.12658031284809113,"w":-0.6219741702079773},"size":94.05000305175781,"orthographic":false}