{"cameraMode":{"drawMode":0,"name":"Shaded","section":"Shading Mode"},"sceneLighting":false,"audioPlay":false,"sceneViewState":{"showFog":true,"showMaterialUpdate":false,"showSkybox":false,"showFlares":true,"showImageEffects":true,"showParticleSystems":true},"in2DMode":false,"pivot":{"x":215.26051330566407,"y":150.7947235107422,"z":212.1864776611328},"rotation":{"x":-0.0017457366921007634,"y":0.9216742515563965,"z":0.004147561267018318,"w":0.3879384696483612},"size":5.410496234893799,"orthographic":true}