{"cameraMode":{"drawMode":0,"name":"Shaded","section":"Shading Mode"},"sceneLighting":false,"audioPlay":false,"sceneViewState":{"showFog":true,"showMaterialUpdate":false,"showSkybox":false,"showFlares":true,"showImageEffects":true,"showParticleSystems":true},"in2DMode":false,"pivot":{"x":-0.07269513607025147,"y":0.2276139259338379,"z":0.19017934799194337},"rotation":{"x":-0.027046307921409608,"y":0.9437174201011658,"z":-0.07788287848234177,"w":-0.3216284215450287},"size":3.0137970447540285,"orthographic":false}