{"cameraMode":{"drawMode":0,"name":"Shaded","section":"Shading Mode"},"sceneLighting":false,"audioPlay":false,"sceneViewState":{"showFog":true,"showMaterialUpdate":false,"showSkybox":false,"showFlares":true,"showImageEffects":true,"showParticleSystems":true},"in2DMode":false,"pivot":{"x":-1.367565631866455,"y":0.02630746364593506,"z":1.8079421520233155},"rotation":{"x":-0.0729648619890213,"y":0.5176336765289307,"z":-0.044369231909513476,"w":-0.8513417840003967},"size":4.126258850097656,"orthographic":false}