{"cameraMode":{"drawMode":0,"name":"Shaded","section":"Shading Mode"},"sceneLighting":true,"audioPlay":false,"sceneViewState":{"showFog":true,"showMaterialUpdate":false,"showSkybox":true,"showFlares":true,"showImageEffects":true,"showParticleSystems":true},"in2DMode":false,"pivot":{"x":10.088269233703614,"y":3.3632094860076906,"z":-17.812211990356447},"rotation":{"x":-0.03614946827292442,"y":-0.6983179450035095,"z":0.03602851554751396,"w":-0.7151561379432678},"size":0.9333801865577698,"orthographic":false}