{"cameraMode":{"drawMode":0,"name":"Shaded","section":"Shading Mode"},"sceneLighting":true,"audioPlay":false,"sceneViewState":{"showFog":true,"showMaterialUpdate":false,"showSkybox":true,"showFlares":true,"showImageEffects":true,"showParticleSystems":true},"in2DMode":false,"pivot":{"x":10.938081741333008,"y":2.5049662590026857,"z":-14.500846862792969},"rotation":{"x":-0.11385054886341095,"y":-0.4643377959728241,"z":0.06191059947013855,"w":-0.8765708208084106},"size":7.048803329467773,"orthographic":false}