{"cameraMode":{"drawMode":0,"name":"Shaded","section":"Shading Mode"},"sceneLighting":true,"audioPlay":false,"sceneViewState":{"showFog":true,"showMaterialUpdate":false,"showSkybox":true,"showFlares":true,"showImageEffects":true,"showParticleSystems":true},"in2DMode":false,"pivot":{"x":12.016953468322754,"y":4.819890022277832,"z":-18.502620697021486},"rotation":{"x":-0.0592077411711216,"y":-0.80088871717453,"z":0.08490079641342163,"w":-0.5920572876930237},"size":6.17373514175415,"orthographic":false}