{"cameraMode":{"drawMode":0,"name":"Shaded","section":"Shading Mode"},"sceneLighting":true,"audioPlay":false,"sceneViewState":{"showFog":true,"showMaterialUpdate":false,"showSkybox":true,"showFlares":true,"showImageEffects":true,"showParticleSystems":true},"in2DMode":false,"pivot":{"x":24.06768035888672,"y":10.481477737426758,"z":-37.13161849975586},"rotation":{"x":-0.26208698749542239,"y":-0.05703718587756157,"z":0.014146904461085797,"w":-0.9635689854621887},"size":16.711076736450197,"orthographic":false}