{"cameraMode":{"drawMode":0,"name":"Shaded","section":"Shading Mode"},"sceneLighting":true,"audioPlay":false,"sceneViewState":{"showFog":true,"showMaterialUpdate":false,"showSkybox":true,"showFlares":true,"showImageEffects":true,"showParticleSystems":true},"in2DMode":false,"pivot":{"x":8.953155517578125,"y":3.69584584236145,"z":-16.742416381835939},"rotation":{"x":-0.056467436254024509,"y":-0.7333142161369324,"z":0.06217736750841141,"w":-0.6759900450706482},"size":0.9333801865577698,"orthographic":false}