{"cameraMode":{"drawMode":0,"name":"Shaded","section":"Shading Mode"},"sceneLighting":false,"audioPlay":false,"sceneViewState":{"showFog":true,"showMaterialUpdate":false,"showSkybox":false,"showFlares":true,"showImageEffects":true,"showParticleSystems":true},"in2DMode":false,"pivot":{"x":0.007812559604644776,"y":0.46678268909454348,"z":-0.0234375},"rotation":{"x":-0.05994383618235588,"y":0.9058491587638855,"z":-0.13533978164196015,"w":-0.3979588449001312},"size":1.7566938400268555,"orthographic":false}