{"cameraMode":{"drawMode":0,"name":"Shaded","section":"Shading Mode"},"sceneLighting":true,"audioPlay":false,"sceneViewState":{"showFog":true,"showMaterialUpdate":false,"showSkybox":true,"showFlares":true,"showImageEffects":true,"showParticleSystems":true},"in2DMode":false,"pivot":{"x":302.1549072265625,"y":-86.87981414794922,"z":230.4645233154297},"rotation":{"x":-0.10562092065811157,"y":-0.4202539920806885,"z":0.05009682849049568,"w":-0.9012696146965027},"size":400.1037292480469,"orthographic":false}