{"cameraMode":{"drawMode":0,"name":"Shaded","section":"Shading Mode"},"sceneLighting":true,"audioPlay":false,"sceneViewState":{"showFog":true,"showMaterialUpdate":false,"showSkybox":true,"showFlares":true,"showImageEffects":true,"showParticleSystems":true},"in2DMode":false,"pivot":{"x":18.897235870361329,"y":-11.139429092407227,"z":-40.06107711791992},"rotation":{"x":-0.05386525020003319,"y":0.9521880745887756,"z":-0.2686498165130615,"w":-0.1449352204799652},"size":43.692325592041019,"orthographic":false}