{"cameraMode":{"drawMode":0,"name":"Shaded","section":"Shading Mode"},"sceneLighting":true,"audioPlay":false,"sceneViewState":{"showFog":true,"showMaterialUpdate":false,"showSkybox":true,"showFlares":true,"showImageEffects":true,"showParticleSystems":true},"in2DMode":false,"pivot":{"x":43.21388626098633,"y":-22.924457550048829,"z":-65.79317474365235},"rotation":{"x":0.016893547028303148,"y":0.9630991816520691,"z":-0.26146700978279116,"w":0.07227654755115509},"size":67.94877624511719,"orthographic":false}